city,street,street_number
Toronto,Albani Street,1365
Ottawa,Hawley Crescent,4678
Vancouver,Fir Offramp Street,8615
Calgary,Walden Road South-east,8310
Montreal,Rue Bressani,119
Changchester,Jonathan Pass,6475
New Donald,Katelyn River,8924
Lake Charlesmouth,Castro Knoll,5938
Ramoshaven,Brown Plaza,16097
Johnmouth,James Port,32871
West Nancyfort,Kevin Highway,185
Port Carrie,Wallace Ranch,5934
East Lori,Chloe Shoals,7112
North Megan,Massey Pine,8339
Rileymouth,Keller Squares,1591
Matthewsmouth,John Street,1352
Ronaldton,Krista Walk,309
North Davidborough,Peter Land,09032
South Jasonton,Amy River,41314
Ryanton,Williams Courts,634
Rebeccafort,Heidi Ford,22584
New Sandraburgh,Thomas Lodge,845
Monroeview,Ann Bridge,1508
Dennisfort,Bishop Spring,9924
Goodmanland,Brooke Square,2337
Pageshire,Johnson Well,960
South Caleb,Sean Oval,900
Nguyenmouth,Lisa Wells,3812
South Stefaniechester,Smith Bridge,089
East Davidborough,Ramirez Falls,76104
Marshville,Anderson Pike,512
Melissaton,Jamie Green,559
Port Karafort,Bowman Landing,236
Alanberg,Cook Turnpike,1590
West Frankshire,Ward Plaza,41730
Haydenhaven,Kevin Village,4611
Wellsmouth,Timothy Squares,6045
East Courtney,Drake Route,11330
Smithfurt,West Overpass,361
Jeffreyview,Ryan Knolls,10873
South Raymondborough,Wendy Union,92137
Wardberg,Vanessa Oval,96687
Marthafort,Amy Forges,55508
Port Jonathan,Megan Prairie,7118
North Jeffreyton,Smith Vista,5227
Williamhaven,Audrey Springs,916
West Amanda,Petersen Orchard,9930
Lake Hunterhaven,Cook Park,4666
East Danielleberg,Justin Village,0076
South Pamela,Emily Drive,6097
Ellisville,Osborne Brooks,99251
Jamesfort,Nicole Ridge,795
Lake Jenniferport,Susan Loaf,1830
Wallaceborough,Kelly Roads,00740
East Clayton,Hunter Crescent,69611
Brownchester,Jessica Burgs,6607
Jenniferland,Jones Knolls,055
North Maria,Lori Cliffs,230
Lake Emily,Julie Hill,0932
South Daniel,Zimmerman Green,03557
Kennethside,White Common,89426
East Linda,Romero Freeway,45602
South Christianland,Robert Plaza,2964
Christophermouth,Walsh Pines,66065
Harrisport,Davis Ferry,41892
Hebertburgh,Reynolds Gateway,5825
Welchland,Fischer Hill,79703
Dannyport,Roger Terrace,1738
Ramireztown,Joseph Skyway,04689
Wallaceview,Campbell Throughway,391
North Lauraport,Wilson Wall,21644
New Alexandra,Amanda Loop,864
Scottshire,Eric Square,66972
Michaelfort,Robinson Overpass,857
South Kevinfort,Paige Forge,57608
Lake Michellefurt,Michael Crescent,044
East Karen,Lee Mews,5625
Wongchester,Seth Station,85232
Baileyfurt,Roman Loaf,337
New Jennifer,Johnson Roads,25023
Cheyennehaven,Wise Knoll,7088
Carpenterfort,Padilla Forge,4000
West Adam,Donald Turnpike,3968
South James,Catherine Corner,5875
Anthonyton,Miguel Fords,533
Emilyport,Black Lights,7530
Sarahland,Steven Stream,0677
Wilsonland,Corey Track,63791
Hansenfurt,Susan Gateway,3245
Virginiaville,Bishop Turnpike,47897
Josephtown,Christina Station,26334
Lake Amandachester,David Rue,1953
Jeffreybury,April Spring,3574
East Lisa,Richardson Roads,26228
East Kathyfort,Joe Curve,65992
Lesterville,Alicia Knolls,7403
Lake Natasha,Payne Squares,42963
Kristenfurt,Jason Island,357
West Max,Kevin Knolls,802
Andrewton,John Bridge,51056
East Shane,Michael Fall,566
South Patriciaside,Malone Port,66208
New Misty,Christopher Freeway,30282
South Saraville,Mckinney Ridges,045
